longitude,latitude,housing_median_age,total_rooms,total_bedrooms,population,households,median_income,median_house_value,ocean_proximity
-122.21,37.79,52.0,762.0,190.0,600.0,195.0,3.0893,125000.0,NEAR BAY
-122.07,37.63,35.0,1931.0,376.0,1175.0,337.0,3.7292,168100.0,NEAR BAY
-122.05,37.57,7.0,10648.0,1818.0,6075.0,1797.0,6.1047,278200.0,NEAR BAY
-121.89,37.66,3.0,1565.0,464.0,769.0,461.0,2.1187,231300.0,INLAND
-120.98,38.34,27.0,3471.0,653.0,1793.0,600.0,3.5508,99100.0,INLAND
-118.96,35.4,27.0,2473.0,400.0,1271.0,427.0,3.5524,89100.0,INLAND
-119.12,35.37,13.0,4527.0,713.0,2170.0,671.0,4.8266,146200.0,INLAND
-119.25,35.79,8.0,3271.0,797.0,2700.0,688.0,1.7418,62200.0,INLAND
-118.91,35.24,29.0,2888.0,753.0,2949.0,699.0,1.7716,45500.0,INLAND
-120.35,40.63,33.0,240.0,49.0,63.0,22.0,3.625,200000.0,INLAND
-120.66,40.41,52.0,2081.0,478.0,1051.0,419.0,2.2992,70200.0,INLAND
-118.46,34.23,19.0,9902.0,2814.0,7307.0,2660.0,2.585,145400.0,<1H OCEAN
-118.27,34.07,32.0,1657.0,579.0,2071.0,598.0,2.1135,152500.0,<1H OCEAN
-118.3,33.97,46.0,1425.0,317.0,1140.0,304.0,3.375,98500.0,<1H OCEAN
-118.24,33.93,32.0,779.0,201.0,861.0,219.0,1.0625,89800.0,<1H OCEAN
-118.04,34.07,39.0,2451.0,649.0,2536.0,648.0,2.3098,173100.0,<1H OCEAN
-118.03,33.92,30.0,1414.0,332.0,1307.0,315.0,3.0,158300.0,<1H OCEAN
-118.17,34.06,36.0,871.0,201.0,2862.0,181.0,2.1845,123800.0,<1H OCEAN
-118.16,34.02,34.0,1474.0,511.0,1962.0,501.0,1.8715,139600.0,<1H OCEAN
-118.19,33.97,30.0,1790.0,556.0,1827.0,520.0,1.7562,181300.0,<1H OCEAN
-118.26,33.85,25.0,2324.0,326.0,1087.0,328.0,5.293,207000.0,<1H OCEAN
-118.11,33.84,36.0,1074.0,188.0,496.0,196.0,4.625,217400.0,<1H OCEAN
-118.63,34.11,35.0,3795.0,690.0,1521.0,653.0,5.8735,448100.0,<1H OCEAN
-118.09,34.63,31.0,1537.0,416.0,1239.0,397.0,1.9722,99200.0,INLAND
-118.21,34.64,16.0,2573.0,427.0,1273.0,426.0,5.9508,181100.0,INLAND
-117.83,33.79,25.0,2070.0,513.0,1078.0,460.0,2.9312,220100.0,<1H OCEAN
-117.96,33.84,31.0,2265.0,537.0,1617.0,507.0,3.4583,186300.0,<1H OCEAN
-121.28,38.73,6.0,4223.0,672.0,1747.0,631.0,5.419,267400.0,INLAND
-114.68,33.49,20.0,1491.0,360.0,1135.0,303.0,1.6395,44400.0,INLAND
-117.15,34.07,15.0,1852.0,316.0,906.0,298.0,5.3526,129800.0,INLAND
-117.15,34.48,31.0,265.0,55.0,186.0,55.0,2.125,64800.0,INLAND
-117.36,34.48,3.0,16533.0,2549.0,7588.0,2285.0,3.9792,122100.0,INLAND
-117.06,32.78,31.0,2485.0,436.0,942.0,448.0,4.8,220800.0,NEAR OCEAN
-121.28,37.82,10.0,9205.0,1774.0,5935.0,1673.0,3.65,119400.0,INLAND
-121.89,37.45,15.0,2428.0,513.0,1687.0,519.0,4.75,254400.0,<1H OCEAN
-121.91,37.43,33.0,2791.0,496.0,1714.0,485.0,4.8304,224900.0,<1H OCEAN
-121.87,37.23,19.0,7357.0,963.0,3018.0,981.0,6.9473,361400.0,<1H OCEAN
-122.81,38.36,18.0,2399.0,389.0,1131.0,391.0,5.2769,293900.0,<1H OCEAN
-123.01,38.67,33.0,914.0,147.0,394.0,132.0,4.6875,246200.0,<1H OCEAN
-121.7,39.07,26.0,2668.0,510.0,1437.0,505.0,3.3125,100000.0,INLAND
